"Variable / Field Name","Form Name","Section Header","Field Type","Field Label","Choices, Calculations, OR Slider Labels","Field Note","Text Validation Type OR Show Slider Number","Text Validation Min","Text Validation Max",Identifier?,"Branching Logic (Show field only if...)","Required Field?","Custom Alignment","Question Number (surveys only)","Matrix Group Name","Matrix Ranking?","Field Annotation"
genomics_method,genomics,,checkbox,"Method used for genome data generation","1, Microarray (array-based) | 2, Whole exome sequencing (WES) | 3, Whole genome sequencing (WGS)",,,,,,,,,,,," @HIDDEN"
genomics_microarray,genomics,,checkbox,"Microarray type","1, Affymetrix | 2, Illumina | 3, Agilent | 4, Other",,,,,,,,,,,," @HIDDEN"
genomics_microarray_other,genomics,,text,"Other, please describe",,,,,,,"[genomics_microarray(4)] = '1'",,,,,," @HIDDEN"
genomics_microarray_model,genomics,,text,"Exact model name",,"e.g. Infinium Global Screening Array; Genome-Wide Human SNP Array 6.0; HumanOmni5-Quad",,,,,,,,,,," @HIDDEN"
genomics_ngs,genomics,,checkbox,"NGS type","1, Illumina HiSeq | 2, Illumina MiSeq | 3, Illumina NextSeq | 4, Illumina Genome Analyzer | 5, Life Technologies Ion Proton | 6, Life Technologies SOLiD | 7, Thermo Fisher Ion Torrent | 8, Roche 454 | 9, Other",,,,,,,,,,,," @HIDDEN"
genomics_ngs_other,genomics,,text,"Other, please describe",,,,,,,"[genomics_ngs(9)] = '1'",,,,,," @HIDDEN"
genomics_ngs_library_kit,genomics,,text,"Enrichment/Library preparation kit",,"e.g. Illumina Nextera Rapid Capture Exome v1.2; Roche SeqCap EZ Human Exome Probes v3.0; Agilent SureSelect Human All Exon v.1.",,,,,,,,,,," @HIDDEN"
genomics_ngs_read_type,genomics,,checkbox,"Read type","1, Single-end | 2, Paired-end",,,,,,,,,,,," @HIDDEN"
genomics_ngs_strand,genomics,,checkbox,Strand,"1, Unstranded | 2, First strand (for strand ""+"") | 3, Second strand (for strand ""-"")",,,,,,,,,,,," @HIDDEN"
genomics_ngs_length,genomics,,text,"Read length",,"in base pairs (bp)",integer,0,1000,,,,,,,," @HIDDEN"
genomics_ngs_length_range,genomics,,text,"Read length range",,"If for the same cohort reads of different lengths have been sequenced, the user should report the range of the read lengths (i.e. 35-150).",,,,,,,,,,," @HIDDEN"
genomics_data_availability,genomics,,checkbox,"Genomics data availability","0, Level 0 (raw data) | 1, Level 1 (preprocessed data, anonymised) | 2, Level 2 (analysed, aggregated)",,,,,,,,,,,,
genomics_ad,genomics,,text,"Number of atopic dermatitis patients",,,integer,0,10000,,,,,,,,
genomics_pso,genomics,,text,"Number of psoriasis patients",,,integer,0,10000,,,,,,,,
genomics_healthy,genomics,,text,"Number of healthy control individuals",,,integer,0,10000,,,,,,,,
genomics_sum,genomics,,calc,"Total number of samples, genomics data","if([genomics_ad]=""NaN"",0,[genomics_ad])+
if([genomics_pso]=""NaN"",0,[genomics_pso])+
if([genomics_healthy]=""NaN"",0,[genomics_healthy])",,,,,,,,,,,,
