﻿"Variable / Field Name","Form Name","Section Header","Field Type","Field Label","Choices, Calculations, OR Slider Labels","Field Note","Text Validation Type OR Show Slider Number","Text Validation Min","Text Validation Max",Identifier?,"Branching Logic (Show field only if...)","Required Field?","Custom Alignment","Question Number (surveys only)","Matrix Group Name","Matrix Ranking?","Field Annotation"
record_id,request_for_biomapul_ldap_account,,text,"Record ID",,,,,,,,,,,,,
request_type,request_for_biomapul_ldap_account,,dropdown,"Request Type","1, New LUMS account | 2, Reactivation of LUMS account / Password change",,,,,,,y,RH,,,,
lums_existing,request_for_biomapul_ldap_account,,text,"LUMS user-name ",,"Usually your firstname.lastname",,,,,"[request_type] = '2'",,,,,,
institution_code,request_for_biomapul_ldap_account,,dropdown,"Institution Code","31, AIT | 32, AMC | 33, BI | 34, CAU | 35, CHUV | 36, COPSAC | 37, EURICE | 38, HS | 39, ITTM | 40, KCL | 41, KI | 42, LEO | 43, LSHTM | 44, LUMC | 70, NOVARTIS | 45, PFIZER | 46, RUMC | 47, SANOFI | 48, TCD | 49, TUM | 50, UCB | 51, UCPH | 52, UDUS | 53, UEF | 54, UKE | 55, UL | 56, UNIVBRIS | 57, UNIVDUN | 58, UNIVIE | 59, UTA | 60, UTARTU | 61, Almirall",,autocomplete,,,,,y,,,,,
lums_biomap_mou,request_for_biomapul_ldap_account,,checkbox,"<div class=""rich-text-field-label""><p>Your institution/organization/company has already signed the BIOMAP MoU agreement</p> <div> </div> <div> </div> <div> </div></div>","1, Yes",,,,,,,y,,,,,
lums_biomap_official,request_for_biomapul_ldap_account,,checkbox,"You are officially involved in IMI-BIOMAP project and agree to the related terms and conditions of IMI-BIOMAP consortium","1, Yes",,,,,,,y,,,,,
email,request_for_biomapul_ldap_account,,text,"Your institutional/organisational/company email ",,"Please use your academic/institutional/company email address only",email,,,,"[request_type] = '1'",y,,,,,
name,request_for_biomapul_ldap_account,,text,Name,,"First name Last name",,,,y,,y,,,,,
name_of_pi,request_for_biomapul_ldap_account,,text,"Name of your PI/Group leader/Manager (If they are BIOMAP partners)",,,,,,,,,,,,,
cohort_custodian,request_for_biomapul_ldap_account,,yesno,"Are you a Cohort Custodian or Data Uploader?",,"If you are involved with any BIOMAP cohort, select Yes",,,,,,y,,,,,
multiple_cohorts,request_for_biomapul_ldap_account,,checkbox,"Select cohorts you are involved with","64, A*STAR | 65, AD_Direct RNA seq | 66, AD1-UTARTU | 67, ALSPAC recall | 68, ALSPACc | 69, ALSPACm | 70, BAMSE | 71, BASELINE | 72, BEEPstudy | 73, biobank | 74, BiobankBiederstein | 75, BSTOP (BADBIR linked bioresource) | 76, COPSAC2000 | 77, COPSAC2010 | 78, COPSACsevere-eczema | 79, crobiomap | 80, cytoskin | 81, DNBC | 82, DNPR | 83, EAT | 84, Generation R | 85, Generation Scotland | 86, GENUFAD1-2 | 87, GOFA | 88, GT-1 | 89, GT-2 | 90, HELIX | 91, HUNT | 92, INMA | 93, KORA F4 | 94, KORA FF4 | 95, KORA Fit | 96, KUNO | 97, LEO1 | 98, LEO2 | 99, MAARS | 100, MAAS | 101, MAS | 102, MassSpecProteomics_organotypic skin | 103, NCRC | 104, P2N-ADPSOKO | 105, P2N-Bostrip | 106, P2N-Cluster | 107, P2N-EARLYe | 108, P2N-FLG_Project | 109, P2N-GENEVA | 110, P2N-KE | 111, P2N-MethylationProject | 112, P2N-PopGen-FU | 113, P2N-ReKi | 114, Pfizer1 | 115, PRUSEARCH | 116, PSORT | 117, RAINE | 118, Rotterdam Study | 119, Smith - Collection and BioDIP | 120, TREAT NL | 121, TREATgermany | 122, TwinsUK | 123, UK BADBIR PSO registry | 124, UK Biobank | 125, UMICH | 126, Not in the list",,,,,,"[cohort_custodian] = '1'",y,LH,,,,
comment,request_for_biomapul_ldap_account,,notes,"Any other request or suggestion ",,,,,,,,,,,,,
sign,request_for_biomapul_ldap_account,,file,Signature,,"Non-robot check",signature,,,,,y,,,,,
lums_ticket_created,request_for_biomapul_ldap_account,,dropdown,"Ticket created","1, BR | 2, SG",,,,,,,,,,,," @HIDDEN-SURVEY"
