title,instructions,offline_instructions,acknowledgement,stop_action_acknowledgement,stop_action_delete_response,question_by_section,display_page_number,question_auto_numbering,survey_enabled,save_and_return,save_and_return_code_bypass,hide_title,view_results,min_responses_view_results,check_diversity_view_results,end_survey_redirect_url,survey_expiration,promis_skip_question,survey_auth_enabled_single,edit_completed_response,hide_back_button,show_required_field_text,confirmation_email_subject,confirmation_email_content,confirmation_email_from,confirmation_email_from_display,confirmation_email_attach_pdf,text_to_speech,text_to_speech_language,end_survey_redirect_next_survey,theme,text_size,font_family,theme_text_buttons,theme_bg_page,theme_text_title,theme_bg_title,theme_text_sectionheader,theme_bg_sectionheader,theme_text_question,theme_bg_question,enhanced_choices,repeat_survey_enabled,repeat_survey_btn_text,repeat_survey_btn_location,response_limit,response_limit_include_partials,response_limit_custom_text,survey_time_limit_days,survey_time_limit_hours,survey_time_limit_minutes,email_participant_field,end_of_survey_pdf_download,pdf_save_to_field,pdf_save_to_event_id,pdf_auto_archive,pdf_econsent_version,pdf_econsent_type,pdf_econsent_firstname_field,pdf_econsent_firstname_event_id,pdf_econsent_lastname_field,pdf_econsent_lastname_event_id,pdf_econsent_dob_field,pdf_econsent_dob_event_id,pdf_econsent_allow_edit,pdf_econsent_signature_field1,pdf_econsent_signature_field2,pdf_econsent_signature_field3,pdf_econsent_signature_field4,pdf_econsent_signature_field5
"Create a ticket for new LUMS account / or reactivate your account","<pre><strong>Luxembourg Centre for Systems Biomedicine (LCSB)</strong><br />University du Luxembourg</pre>
<pre><br />Project: <strong>IMI-BIOMAP</strong><br />Services: Cohort Catalog, REDCap, Ada, tranSMART</pre>
<p>&nbsp;</p>
<div>&nbsp;</div>
<div>&nbsp;</div>",,"<pre><strong>Your ticket for LUMS account related request is created. You will recieve a confirmation email.</strong></pre>
<div>&nbsp;</div>
<div>&nbsp;</div>",,0,0,0,0,1,0,0,0,0,10,0,,,0,0,0,0,1,"LUMS Related Request - Ticket creation","<p>Hello, <br /><br />Thanks for your LUMS Account related request. We are validating the request to provide you an access to the BIOMAP Data Platform.<br /><br />For new account related request, you will receive an email from UL System Admins usually within 2 working days. The email will contain a link to activate your new LUMS account and change your password. Please check your spam/junk inbox too.</p>
<p>Best regards,</p>
<p>Soumya</p>
<div style=""caret-color: #000000; color: #000000; font-family: Arial; font-style: normal; font-variant-caps: normal; font-weight: normal; letter-spacing: normal; orphans: auto; text-align: start; text-indent: 0px; text-transform: none; white-space: normal; widows: auto; word-spacing: 0px; -webkit-text-size-adjust: auto; -webkit-text-stroke-width: 0px; text-decoration: none; margin: 0px; font-stretch: normal; font-size: 11px; line-height: normal;"">Soumyabrata GHOSH, PhD</div>
<div style=""caret-color: #000000; color: #000000; font-family: Arial; font-style: normal; font-variant-caps: normal; font-weight: normal; letter-spacing: normal; orphans: auto; text-align: start; text-indent: 0px; text-transform: none; white-space: normal; widows: auto; word-spacing: 0px; -webkit-text-size-adjust: auto; -webkit-text-stroke-width: 0px; text-decoration: none; margin: 0px; font-stretch: normal; font-size: 11px; line-height: normal;"">UL / LCSB / Bioinformatics Core</div>
<div style=""caret-color: #000000; color: #000000; font-family: Arial; font-style: normal; font-variant-caps: normal; font-weight: normal; letter-spacing: normal; orphans: auto; text-align: start; text-indent: 0px; text-transform: none; white-space: normal; widows: auto; word-spacing: 0px; -webkit-text-size-adjust: auto; -webkit-text-stroke-width: 0px; text-decoration: none; margin: 0px; font-stretch: normal; font-size: 11px; line-height: normal; min-height: 12px;"">&nbsp;</div>
<div style=""caret-color: #000000; font-family: Arial; font-style: normal; font-variant-caps: normal; font-weight: normal; letter-spacing: normal; orphans: auto; text-align: start; text-indent: 0px; text-transform: none; white-space: normal; widows: auto; word-spacing: 0px; -webkit-text-size-adjust: auto; -webkit-text-stroke-width: 0px; text-decoration: none; margin: 0px; font-stretch: normal; font-size: 10px; line-height: normal; color: #074080;"">BIOMAP Data Platform Management - Universit&eacute; du Luxembourg</div>
<div style=""caret-color: #000000; font-family: Arial; font-style: normal; font-variant-caps: normal; font-weight: normal; letter-spacing: normal; orphans: auto; text-align: start; text-indent: 0px; text-transform: none; white-space: normal; widows: auto; word-spacing: 0px; -webkit-text-size-adjust: auto; -webkit-text-stroke-width: 0px; text-decoration: none; margin: 0px; font-stretch: normal; font-size: 10px; line-height: normal; color: #074080;""><a href=""https://biomap.lcsb.uni.lu/"">https://biomap.lcsb.uni.lu</a></div>
<div style=""caret-color: #000000; color: #000000; font-family: Arial; font-style: normal; font-variant-caps: normal; font-weight: normal; letter-spacing: normal; orphans: auto; text-align: start; text-indent: 0px; text-transform: none; white-space: normal; widows: auto; word-spacing: 0px; -webkit-text-size-adjust: auto; -webkit-text-stroke-width: 0px; text-decoration: none; margin: 0px; font-stretch: normal; font-size: 10px; line-height: normal; min-height: 11px;"">&nbsp;</div>
<div style=""caret-color: #000000; font-family: Arial; font-style: normal; font-variant-caps: normal; font-weight: normal; letter-spacing: normal; orphans: auto; text-align: start; text-indent: 0px; text-transform: none; white-space: normal; widows: auto; word-spacing: 0px; -webkit-text-size-adjust: auto; -webkit-text-stroke-width: 0px; text-decoration: none; margin: 0px; font-stretch: normal; font-size: 10px; line-height: normal; color: #4c4c4c;""><a href=""http://uni.lu/"">uni.lu</a> | <a href=""http://lcsb.uni.lu/"">lcsb.uni.lu</a> | <a href=""http://uni.lu/lcsb/research/bioinformatics_core"">uni.lu/lcsb/research/bioinformatics_core</a></div>
<div>&nbsp;</div>
<div>&nbsp;</div>",soumyabrata.ghosh@uni.lu,"Soumyabrata GHOSH",0,0,en,0,,,,1e71b8,ffffff,000000,FFFFFF,000000,f1f1f1,000000,ffffff,0,0,,AFTER_SUBMIT,,1,"<p>Thank you for your interest; however, the survey is closed because the maximum number of responses has been reached.</p>
<div>&nbsp;</div>
<div>&nbsp;</div>",,,,email,0,,,0,,,,,,,,,0,,,,,
