"Variable / Field Name","Form Name","Section Header","Field Type","Field Label","Choices, Calculations, OR Slider Labels","Field Note","Text Validation Type OR Show Slider Number","Text Validation Min","Text Validation Max",Identifier?,"Branching Logic (Show field only if...)","Required Field?","Custom Alignment","Question Number (surveys only)","Matrix Group Name","Matrix Ranking?","Field Annotation"
microbiome_source,microbiome,,checkbox,"Source of microbiome data","1, Stool|2, Skin swabs (lesional or non-lesional)",,,,,,,,,,,,
microbiome_method,microbiome,,checkbox,"Method used for microbiome data generation","1, Marker gene amplicon sequencing | 2, Shotgun sequencing",,,,,,,,,,,," @HIDDEN"
microbiome_data_transfer,microbiome,,checkbox,"Microbiome data transfer availability","0, Level 0 (raw data)|1, Level 1 (preprocessed data, anonymised)|2, Level 2 (analysed, aggregated)",,,,,,,,,,,,
microbiome_rnaseq,microbiome,,checkbox,"NGS type","1, Illumina HiSeq | 2, Illumina MiSeq | 3, Illumina NextSeq | 4, Illumina Genome Analyzer | 5, Life Technologies Ion Proton | 6, Life Technologies SOLiD | 7, Thermo Fisher Ion Torrent | 8, Roche 454 | 9, Other",,,,,,,,,,,," @HIDDEN"
microbiome_seq_other,microbiome,,text,"Other, please describe",,,,,,,"[microbiome_rnaseq(9)] = '1'",,,,,," @HIDDEN"
microbiome_seq_library_type,microbiome,,checkbox,"Library type","1, DNA | 2, RNA",,,,,,,,,,,," @HIDDEN"
microbiome_seq_library_kit,microbiome,,text,"Library kit",,"e.g. QIAseq FX DNA Library Kit; NEBNext Microbiome DNA Enrichment kit; Perkin Elmer Nextflex 16S Amplicon-Seq kit 2.0",,,,,,,,,,," @HIDDEN"
microbiome_seq_domain,microbiome,,checkbox,Domain,"1, Bacteria | 2, Archaea | 3, Eukaryota (Fungi)","Which domain was the target of marker gene amplicon sequencing? ",,,,,"[microbiome_method(1)] = '1'",,,,,," @HIDDEN"
microbiome_seq_amp_region,microbiome,,checkbox,"Amplified region","1, V1 | 2, V2 | 3, V3 | 4, V4 | 5, V5 | 6, V6 | 7, V7 | 8, V8 | 9, V9 | 10, ITS1 | 11, ITS2","In marker gene sequencing, during the library construction phase, the part of a marker gene is amplified by PCR. The user should report in this field, which part of the marker genes was amplified. The allowed regions are for the bacterial or archaeal 16S rRNA or eukaryotic 18S rRNA marker gene from V1 to V9, either one region or combination of many (e.g. V1-V3) or ITS1 and ITS2 for eukaryotes. ",,,,,"[microbiome_method(1)] = '1'",,,,,," @HIDDEN"
microbiome_seq_pcr_primer_f,microbiome,,text,"PCR primer F",,"e.g. F27 (gagtttgatcmtggctcag)",,,,,"[microbiome_method(1)] = '1'",,,,,," @HIDDEN"
microbiome_seq_pcr_primer_r,microbiome,,text,"PCR primer R",,,,,,,"[microbiome_method(1)] = '1'",,,,,," @HIDDEN"
microbiome_seq_read_type,microbiome,,checkbox,"Read type","1, Single-end | 2, Paired-end",,,,,,,,,,,," @HIDDEN"
microbiome_seq_strand,microbiome,,checkbox,Strand,"1, Unstranded | 2, First strand (for strand ""+"") | 3, Second strand (for strand ""-"")",,,,,,,,,,,," @HIDDEN"
microbiome_seq_length,microbiome,,text,"Read length",,"in base pairs (bp)",integer,0,1000,,,,,,,," @HIDDEN"
microbiome_seq_length_range,microbiome,,text,"Read length range",,"If for the same cohort reads of different lengths have been sequenced, the user should report the range of the read lengths (i.e. 35-150).",,,,,,,,,,," @HIDDEN"
microbiome_stool_method,microbiome,"Microbiome data from stool",checkbox,"Stool: method used for microbiome data generation","1, 16S rRNA sequencing (16S)|2, Metagenome sequencing (MG)",,,,,,"[microbiome_source(1)] = '1'",,,,,,
microbiome_stool_ad,microbiome,,text,"Stool: number of atopic dermatitis patients",,,integer,0,10000,,"[microbiome_source(1)] = '1'",,,,,,
microbiome_stool_pso,microbiome,,text,"Stool: number of psoriasis patients",,,integer,0,10000,,"[microbiome_source(1)] = '1'",,,,,,
microbiome_stool_healthy,microbiome,,text,"Stool: number of healthy control individuals",,,integer,0,10000,,"[microbiome_source(1)] = '1'",,,,,,
microbiome_stool_timepoints,microbiome,,text,"Stool: time points per individual",,,integer,0,50,,"[microbiome_source(1)] = '1'",,,,,,
microbiome_stool_sum,microbiome,,calc,"Stool: total number of samples, microbiome data","if([microbiome_stool_ad]=""NaN"",0,[microbiome_stool_ad])+
if([microbiome_stool_pso]=""NaN"",0,[microbiome_stool_pso])+
if([microbiome_stool_healthy]=""NaN"",0,[microbiome_stool_healthy])",,,,,,,,,,,,
microbiome_stool_sum_2,microbiome,,calc,"Stool: total number of samples * timepoints, microbiome data","(if([microbiome_stool_ad]=""NaN"",0,[microbiome_stool_ad])+
if([microbiome_stool_pso]=""NaN"",0,[microbiome_stool_pso])+
if([microbiome_stool_healthy]=""NaN"",0,[microbiome_stool_healthy]))*[microbiome_stool_timepoints]",,,,,,,,,,,,
microbiome_swab_method,microbiome,"Microbiome from skin swab",checkbox,"Skin swab: method used for microbiome data generation","1, 16S rRNA sequencing (16S)|2, Metagenome sequencing (MG)",,,,,,"[microbiome_source(2)] = '1'",,,,,,
microbiome_swab_l_ad,microbiome,,text,"Skin swab (lesional): number of atopic dermatitis patients",,,integer,0,10000,,"[microbiome_source(2)] = '1'",,,,,,
microbiome_swab_nl_ad,microbiome,,text,"Skin swab (non-lesional): number of atopic dermatitis patients",,,integer,0,10000,,"[microbiome_source(2)] = '1'",,,,,,
microbiome_swab_l_pso,microbiome,,text,"Skin swab (lesional): number of psoriasis patients",,,integer,0,10000,,"[microbiome_source(2)] = '1'",,,,,,
microbiome_swab_nl_pso,microbiome,,text,"Skin swab (non-lesional): number of psoriasis patients",,,integer,0,10000,,"[microbiome_source(2)] = '1'",,,,,,
microbiome_swab_healthy,microbiome,,text,"Skin swab: number of healthy control individuals",,,integer,0,10000,,"[microbiome_source(2)] = '1'",,,,,,
microbiome_swab_timepoints,microbiome,,text,"Skin swab: time points per individual",,,integer,0,100,,"[microbiome_source(2)] = '1'",,,,,,
microbiome_swab_sum,microbiome,,calc,"Skin swab: total number of samples, microbiome data","if([microbiome_swab_l_ad]=""NaN"",0,[microbiome_swab_l_ad])+
if([microbiome_swab_nl_ad]=""NaN"",0,[microbiome_swab_nl_ad])+
if([microbiome_swab_l_pso]=""NaN"",0,[microbiome_swab_l_pso])+
if([microbiome_swab_nl_pso]=""NaN"",0,[microbiome_swab_nl_pso])+
if([microbiome_swab_healthy]=""NaN"",0,[microbiome_swab_healthy])",,,,,,,,,,,,
microbiome_swab_sum_2,microbiome,,calc,"Skin swab: total number of samples * timepoints, microbiome data","(if([microbiome_swab_l_ad]=""NaN"",0,[microbiome_swab_l_ad])+
if([microbiome_swab_nl_ad]=""NaN"",0,[microbiome_swab_nl_ad])+
if([microbiome_swab_l_pso]=""NaN"",0,[microbiome_swab_l_pso])+
if([microbiome_swab_nl_pso]=""NaN"",0,[microbiome_swab_nl_pso])+
if([microbiome_swab_healthy]=""NaN"",0,[microbiome_swab_healthy]))*[microbiome_swab_timepoints]",,,,,,,,,,,,
