"Variable / Field Name","Form Name","Section Header","Field Type","Field Label","Choices, Calculations, OR Slider Labels","Field Note","Text Validation Type OR Show Slider Number","Text Validation Min","Text Validation Max",Identifier?,"Branching Logic (Show field only if...)","Required Field?","Custom Alignment","Question Number (surveys only)","Matrix Group Name","Matrix Ranking?","Field Annotation"
record_id,general_cohort_information,,text,"Record ID",,,,,,,,,,,,,
main_info,general_cohort_information,,descriptive,"BIOMAP will consolidate and integrate clinical and molecular information from previous and ongoing studies for specified analyses. BIOMAP will have rules and a data access committee for data access and sharing that is flexible to the needs of the different partners and workpackages, and at the same time will accommodate the ethical / legal constraints that may operate around the resources. Any access to data for analysis will be under the jurisdiction of the data access committee, and will reference back to the custodian of the source data. All information entered will be handled strictly confidential.",,,,,,,,,,,,,
main_inst_acronym,general_cohort_information,,dropdown,"Institution acronym","1, AIT | 2, AMC | 3, CAU | 4, CHUV | 5, Eurice | 6, HS | 7, ITTM | 8, KCL | 9, KI | 10, LSHTM | 11, LUMC | 12, RUMC | 13, RegionH | 14, TCD | 15, TUM | 16, UCPH | 17, UDUS | 18, UEF | 19, UKE | 20, UL | 21, UNIVBRIS | 22, UNIVDUN | 23, UTA | 24, UTARTU | 26, Pfizer | 27, LEO | 28, Novartis | 25, Others (please fill in the next question)",,,,,,,,,,,,
other_institutions,general_cohort_information,,text,"Other Institutions",,,,,,,"[main_inst_acronym] = '25'",,,,,,
general_cohort_name,general_cohort_information,,text,"Cohort name (acronym)",,,,,,,,,,,,,[record-name]
main_contact,general_cohort_information,,text,"Contact person",,,,,,,,,,,,,
main_contact_email,general_cohort_information,,text,"Contact person's email",,,email,,,,,,,,,,
general_study_type,general_cohort_information,,radio,"Study type","1, case collection|2, population based cohort|3, population based registry|4, systemic therapy registry & subtypes|5, birth cohort|6, kindred cohort|7, clinical trial",,,,,,,,,,,,
general_recruitment,general_cohort_information,,radio,Recruitment,"1, ongoing|2, recruitment completed (historical)",,,,,,,,,,,,
general_subject_types,general_cohort_information,,checkbox,"Subject types","1, atopic dermatitis (AD)|2, psoriasis|3, healthy controls",,,,,,,,,,,,
general_time_points,general_cohort_information,,text,"Time points with clinical data per individual",,,integer,0,50,,,,,,,,
general_time_points_com,general_cohort_information,,notes,"Time points comments",,,,,,,,,,,,,
general_exposure,general_cohort_information,,yesno,"Data on environmental exposure (e.g. smoking, alcohol, contact to animals, etc.)",,,,,,,,,RH,,,,
general_phenotypic,general_cohort_information,,radio,"Phenotypic data availability","1, full access | 2, restricted access",,,,,,,,,,,," @HIDDEN"
general_upload_crf,general_cohort_information,,file,"Upload Case Report Form (CRF)",,,,,,,,,,,,,
general_upload_datadict,general_cohort_information,,file,"Upload data dictionary according to the CRF ",,"Preferably as Excel or comma separated values (CSV) file",,,,,,,,,,,
upload_study_protocol,general_cohort_information,,file,"Upload study protocol",,,,,,,,,,,,,
prioritised,general_cohort_information,,yesno,Prioritised,,"Based on survey among work packages; please do not edit.",,,,,,,,,,,
