"Variable / Field Name","Form Name","Section Header","Field Type","Field Label","Choices, Calculations, OR Slider Labels","Field Note","Text Validation Type OR Show Slider Number","Text Validation Min","Text Validation Max",Identifier?,"Branching Logic (Show field only if...)","Required Field?","Custom Alignment","Question Number (surveys only)","Matrix Group Name","Matrix Ranking?","Field Annotation"
consent_pdf,consent,,file,"Please upload the informed consent document (pdf format)",,,,,,,,,,,,,
consent_pdf_eng,consent,,file,"If not in English, please upload a translation/brief summary of the informed consent document in English (pdf format)",,,,,,,,,,,,,
consent_ethics_approval,consent,"Confirmation letter(s) of ethics approval",file,"1. Document (pdf format)",,,,,,,,,,,,,
consent_ethics_approval_2,consent,,file,"2. Document (pdf format)",,,,,,,,,,,,,
consent_ethics_approval_3,consent,,file,"3. Document (pdf format)",,,,,,,,,,,,,
consent_ethics_approval_4,consent,,file,"4. Document (pdf format)",,,,,,,,,,,,,
