"Variable / Field Name","Form Name","Section Header","Field Type","Field Label","Choices, Calculations, OR Slider Labels","Field Note","Text Validation Type OR Show Slider Number","Text Validation Min","Text Validation Max",Identifier?,"Branching Logic (Show field only if...)","Required Field?","Custom Alignment","Question Number (surveys only)","Matrix Group Name","Matrix Ranking?","Field Annotation"
help,data_sharing,,descriptive,"Help text for new Data Sharing Instrument 

Here we are looking to assess the feasibility of uploading cohort data to the central platform.

We have constructed some simple categories and a comments section for more detailed feedback.

* Full Access by all consortium members
  -  - The data type in question is with your institution and you have no restrictions that would prevent upload to the central platform other than gaining institutional / internal approval.
* Limited Access by consortium members
  -  - The data type in question is with your institution and you are able to upload data centrally, but you need to apply some limitations on data access (such as limiting to named individuals or similar)
  -  - Please note expected restrictions in the comments section
* No Upload of data.
  -  - The data type in question is with your institution however central data upload is not permitted and an alternative means for providing data access needs to be sought
  -  - Again, please make suggestions in the comments for data access solutions if known
* Third Party Assessment Needed
  -  - For all Cohort Representatives who will need to apply for access to these data via third parties we appreciate that this is more complex and for now please just flag using this category and we can address this separately.
  -  - In the comments section please state whether an application for third party access has been initiated yet.
* Data not collected
  -  - This type of data is not collected.",,,,,,,,,,,,,
dur_clinical,data_sharing,,dropdown,"Data Upload restrictions Clinical","1, Not Assessed | 2, Data not collected | 3, Full Access by all consortium members | 4, Limited Access by consortium members | 5, Third Party Assessment Required | 6, No Upload of data",,,,,,,y,,,,,
dur_genomics,data_sharing,,dropdown,"Data Upload restrictions Genomics","1, Not Assessed | 2, Data not collected | 3, Full Access by all consortium members | 4, Limited Access by consortium members | 5, Third Party Assessment Required | 6, No Upload of data",,,,,,,y,,,,,
dur_methylation,data_sharing,,dropdown,"Data Upload restrictions Methylation","1, Not Assessed | 2, Data not collected | 3, Full Access by all consortium members | 4, Limited Access by consortium members | 5, Third Party Assessment Required | 6, No Upload of data",,,,,,,y,,,,,
dur_microbiome,data_sharing,,dropdown,"Data Upload restrictions Microbiome","1, Not Assessed | 2, Data not collected | 3, Full Access by all consortium members | 4, Limited Access by consortium members | 5, Third Party Assessment Required | 6, No Upload of data",,,,,,,y,,,,,
dur_transcriptomics,data_sharing,,dropdown,"Data Upload restrictions Transcriptomics","1, Not Assessed | 2, Data not collected | 3, Full Access by all consortium members | 4, Limited Access by consortium members | 5, Third Party Assessment Required | 6, No Upload of data",,,,,,,y,,,,,
other_data_1,data_sharing,"Add other Data Types",yesno,"Add another Data Type",,,,,,,,y,,,,,
other_dt_1,data_sharing,,text,"Data Type",,,,,,,"[other_data_1] = '1'",,,,,,
dur_other_dt_1,data_sharing,,dropdown,"Data Upload restrictions [other_dt_1]","1, Not Assessed | 2, Data not collected | 3, Full Access by all consortium members | 4, Limited Access by consortium members | 5, Third Party Assessment Required | 6, No Upload of data",,,,,,"[other_data_1] = '1'",y,,,,,
other_data_2,data_sharing,,yesno,"Add another Data Type",,,,,,,"[other_data_1] = '1'",y,,,,,
other_dt_2,data_sharing,,text,"Data Type",,,,,,,"[other_data_2] = '1'",,,,,,
dur_other_dt_2,data_sharing,,dropdown,"Data Upload restrictions [other_dt_2]","1, Not Assessed | 2, Data not collected | 3, Full Access by all consortium members | 4, Limited Access by consortium members | 5, Third Party Assessment Required | 6, No Upload of data",,,,,,"[other_data_2] = '1'",y,,,,,
other_data_3,data_sharing,,yesno,"Add another Data Type",,,,,,,"[other_data_2] = '1'",y,,,,,
other_dt_3,data_sharing,,text,"Data Type",,,,,,,"[other_data_3] = '1'",,,,,,
dur_other_dt_3,data_sharing,,dropdown,"Data Upload restrictions [other_dt_3]","1, Not Assessed | 2, Data not collected | 3, Full Access by all consortium members | 4, Limited Access by consortium members | 5, Third Party Assessment Required | 6, No Upload of data",,,,,,"[other_data_3] = '1'",y,,,,,
other_data_4,data_sharing,,yesno,"Add another Data Type",,,,,,,"[other_data_3] = '1'",y,,,,,
other_dt_4,data_sharing,,text,"Data Type",,,,,,,"[other_data_4] = '1'",,,,,,
dur_other_dt_4,data_sharing,,dropdown,"Data Upload restrictions [other_dt_4]","1, Not Assessed | 2, Data not collected | 3, Full Access by all consortium members | 4, Limited Access by consortium members | 5, Third Party Assessment Required | 6, No Upload of data",,,,,,"[other_data_4] = '1'",y,,,,,
other_data_5,data_sharing,,yesno,"Add another Data Type",,,,,,,"[other_data_4] = '1'",y,,,,,
other_dt_5,data_sharing,,text,"Data Type",,,,,,,"[other_data_5] = '1'",,,,,,
dur_other_dt_5,data_sharing,,dropdown,"Data Upload restrictions [other_dt_5]","1, Not Assessed | 2, Data not collected | 3, Full Access by all consortium members | 4, Limited Access by consortium members | 5, Third Party Assessment Required | 6, No Upload of data",,,,,,"[other_data_5] = '1'",y,,,,,
dur_comments,data_sharing,,notes,Comments,,,,,,,,,,,,,
