"Variable / Field Name","Form Name","Section Header","Field Type","Field Label","Choices, Calculations, OR Slider Labels","Field Note","Text Validation Type OR Show Slider Number","Text Validation Min","Text Validation Max",Identifier?,"Branching Logic (Show field only if...)","Required Field?","Custom Alignment","Question Number (surveys only)","Matrix Group Name","Matrix Ranking?","Field Annotation"
biosamples_shipping,biosamples,,yesno,"Is shipment of biosamples to other consortium partners for molecular profiling possible?",,,,,,,,,RH,,,,
biosamples_type,biosamples,,checkbox,"Biosample type(s)","1, Peripheral blood samples useful for DNA extraction (e.g. EDTA)|2, Peripheral blood samples useful for RNA extraction (e.g. PAXgene)|3, DNA isolated from peripheral blood|4, RNA isolated from peripheral blood|5, Skin biopsies|6, DNA isolated from skin biopsies|7, RNA isolated from skin biopsies|8, Skin swabs|9, Bacterial DNA from skin swabs|10, Stool samples|11, Bacterial DNA from stool samples|12, Formalin fixed paraffin embedded (FFPE) skin tissue|13, Serum samples|14, PBMC samples|15, Tape strips","Multiple selections possible; additional information (e.g. number of samples) will be requested for selected types",,,,,,,,,,,
biosamples_pb_edta_ad,biosamples,"Peripheral blood samples useful for DNA extraction (e.g. EDTA)",text,"Number of atopic dermatitis patients
",,,integer,0,10000,,"[biosamples_type(1)] = '1'",,,,,,
biosamples_pb_edta_pso,biosamples,,text,"Number of psoriasis patients",,,integer,0,10000,,"[biosamples_type(1)] = '1'",,,,,,
biosamples_pb_edta_healthy,biosamples,,text,"Number of healthy control individuals",,,integer,0,10000,,"[biosamples_type(1)] = '1'",,,,,,
biosamples_pb_edta_timepoints,biosamples,,text,"Time points per individual",,,integer,0,10000,,"[biosamples_type(1)] = '1'",,,,,,
biosamples_pb_paxgene_ad,biosamples,"Peripheral blood samples useful for RNA extraction (e.g. PAXgene)",text,"Number of atopic dermatitis patients",,,integer,0,10000,,"[biosamples_type(2)] = '1'",,,,,,
biosamples_pb_paxgene_pso,biosamples,,text,"Number of psoriasis patients",,,integer,0,10000,,"[biosamples_type(2)] = '1'",,,,,,
biosamples_pb_paxgene_healthy,biosamples,,text,"Number of healthy control individuals",,,integer,0,10000,,"[biosamples_type(2)] = '1'",,,,,,
biosamples_pb_paxgene_timepoints,biosamples,,text,"Time points per individual",,,integer,0,10000,,"[biosamples_type(2)] = '1'",,,,,,
biosamples_pb_dna_ad,biosamples,"DNA isolated from peripheral blood",text,"Number of atopic dermatitis patients",,,integer,0,10000,,"[biosamples_type(3)] = '1'",,,,,,
biosamples_pb_dna_pso,biosamples,,text,"Number of psoriasis patients",,,integer,0,10000,,"[biosamples_type(3)] = '1'",,,,,,
biosamples_pb_dna_healthy,biosamples,,text,"Number of healthy control individuals",,,integer,0,10000,,"[biosamples_type(3)] = '1'",,,,,,
biosamples_pb_dna_timepoints,biosamples,,text,"Time points per individual",,,integer,0,10000,,"[biosamples_type(3)] = '1'",,,,,,
biosamples_pb_rna_ad,biosamples,"RNA isolated from peripheral blood",text,"Number of atopic dermatitis patients",,,integer,0,10000,,"[biosamples_type(4)] = '1'",,,,,,
biosamples_pb_rna_pso,biosamples,,text,"Number of psoriasis patients",,,integer,0,10000,,"[biosamples_type(4)] = '1'",,,,,,
biosamples_pb_rna_healthy,biosamples,,text,"Number of healthy control individuals",,,integer,0,10000,,"[biosamples_type(4)] = '1'",,,,,,
biosamples_pb_rna_timepoints,biosamples,,text,"Time points per individual",,,integer,0,10000,,"[biosamples_type(4)] = '1'",,,,,,
biosamples_biopsy_l_ad,biosamples,"Skin biopsies",text,"Skin biopsy (lesional): number of atopic dermatitis patients",,,integer,0,10000,,"[biosamples_type(5)] = '1'",,,,,,
biosamples_biopsy_nl_ad,biosamples,,text,"Skin biopsy (non-lesional): number of atopic dermatitis patients",,,integer,0,10000,,"[biosamples_type(5)] = '1'",,,,,,
biosamples_biopsy_l_pso,biosamples,,text,"Skin biopsy (lesional): number of psoriasis patients",,,integer,0,10000,,"[biosamples_type(5)] = '1'",,,,,,
biosamples_biopsy_nl_pso,biosamples,,text,"Skin biopsy (non-lesional): number of psoriasis patients",,,integer,0,10000,,"[biosamples_type(5)] = '1'",,,,,,
biosamples_biopsy_healthy,biosamples,,text,"Skin biopsy: number of healthy control individuals",,,integer,0,10000,,"[biosamples_type(5)] = '1'",,,,,,
biosamples_biopsy_timepoints,biosamples,,text,"Time points per individual",,,integer,0,10000,,"[biosamples_type(5)] = '1'",,,,,,
biosamples_biopsy_dna_l_ad,biosamples,"DNA isolated from skin biopsies",text,"DNA from skin biopsy (lesional): number of atopic dermatitis patients",,,integer,0,10000,,"[biosamples_type(6)] = '1'",,,,,,
biosamples_biopsy_dna_nl_ad,biosamples,,text,"DNA from skin biopsy (non-lesional): number of atopic dermatitis patients",,,integer,0,10000,,"[biosamples_type(6)] = '1'",,,,,,
biosamples_biopsy_dna_l_pso,biosamples,,text,"DNA from skin biopsy (lesional): number of psoriasis patients",,,integer,0,10000,,"[biosamples_type(6)] = '1'",,,,,,
biosamples_biopsy_dna_nl_pso,biosamples,,text,"DNA from skin biopsy (non-lesional): number of psoriasis patients",,,integer,0,10000,,"[biosamples_type(6)] = '1'",,,,,,
biosamples_biopsy_dna_healthy,biosamples,,text,"DNA from skin biopsy: number of healthy control individuals",,,integer,0,10000,,"[biosamples_type(6)] = '1'",,,,,,
biosamples_biopsy_dna_timepoints,biosamples,,text,"Time points per individual",,,integer,0,10000,,"[biosamples_type(6)] = '1'",,,,,,
biosamples_biopsy_rna_l_ad,biosamples,"RNA isolated from skin biopsies",text,"RNA from skin biopsy (lesional): number of atopic dermatitis patients",,,integer,0,10000,,"[biosamples_type(7)] = '1'",,,,,,
biosamples_biopsy_rna_nl_ad,biosamples,,text,"RNA from skin biopsy (non-lesional): number of atopic dermatitis patients",,,integer,0,10000,,"[biosamples_type(7)] = '1'",,,,,,
biosamples_biopsy_rna_l_pso,biosamples,,text,"RNA from skin biopsy (lesional): number of psoriasis patients",,,integer,0,10000,,"[biosamples_type(7)] = '1'",,,,,,
biosamples_biopsy_rna_nl_pso,biosamples,,text,"RNA from skin biopsy (non-lesional): number of psoriasis patients",,,integer,0,10000,,"[biosamples_type(7)] = '1'",,,,,,
biosamples_biopsy_rna_healthy,biosamples,,text,"RNA from skin biopsy: number of healthy control individuals",,,integer,0,10000,,"[biosamples_type(7)] = '1'",,,,,,
biosamples_biopsy_rna_timepoints,biosamples,,text,"Time points per individual",,,integer,0,10000,,"[biosamples_type(7)] = '1'",,,,,,
biosamples_swab_l_ad,biosamples,"Skin swabs",text,"Skin swab (lesional): number of atopic dermatitis patients",,,integer,0,10000,,"[biosamples_type(8)] = '1'",,,,,,
biosamples_swab_nl_ad,biosamples,,text,"Skin swab (non-lesional): number of atopic dermatitis patients",,,integer,0,10000,,"[biosamples_type(8)] = '1'",,,,,,
biosamples_swab_l_pso,biosamples,,text,"Skin swab (lesional): number of psoriasis patients",,,integer,0,10000,,"[biosamples_type(8)] = '1'",,,,,,
biosamples_swab_nl_pso,biosamples,,text,"Skin swab (non-lesional): number of psoriasis patients",,,integer,0,10000,,"[biosamples_type(8)] = '1'",,,,,,
biosamples_swab_healthy,biosamples,,text,"Skin swab: number of healthy control individuals",,,integer,0,10000,,"[biosamples_type(8)] = '1'",,,,,,
biosamples_swab_l_sites,biosamples,,text,"Skin swab (lesional): number of sites per indiviual",,,integer,0,10000,,"[biosamples_type(8)] = '1'",,,,,,
biosamples_swab_nl_sites,biosamples,,text,"Skin swab (non-lesional): number of sites per indiviual",,,integer,0,10000,,"[biosamples_type(8)] = '1'",,,,,,
biosamples_swab_healthy_sites,biosamples,,text,"Skin swab: number of sites per healthy control individual",,,integer,0,10000,,"[biosamples_type(8)] = '1'",,,,,,
biosamples_swab_timepoints,biosamples,,text,"Time points per individual",,,integer,0,10000,,"[biosamples_type(8)] = '1'",,,,,,
biosamples_swab_dna_l_ad,biosamples,"Bacterial DNA from skin swabs",text,"Bacterial DNA from skin swab (lesional): number of atopic dermatitis patients",,,integer,0,10000,,"[biosamples_type(9)] = '1'",,,,,,
biosamples_swab_dna_nl_ad,biosamples,,text,"Bacterial DNA from skin swab (non-lesional): number of atopic dermatitis patients",,,integer,0,10000,,"[biosamples_type(9)] = '1'",,,,,,
biosamples_swab_dna_l_pso,biosamples,,text,"Bacterial DNA from skin swab (lesional): number of psoriasis patients",,,integer,0,10000,,"[biosamples_type(9)] = '1'",,,,,,
biosamples_swab_dna_nl_pso,biosamples,,text,"Bacterial DNA from skin swab (non-lesional): number of psoriasis patients",,,integer,0,10000,,"[biosamples_type(9)] = '1'",,,,,,
biosamples_swab_dna_healthy,biosamples,,text,"Bacterial DNA from skin swab: number of healthy control individuals",,,integer,0,10000,,"[biosamples_type(9)] = '1'",,,,,,
biosamples_swab_dna_l_sites,biosamples,,text,"Bacterial DNA from skin swab (lesional): number of sites per individual",,,integer,0,100,,"[biosamples_type(9)] = '1'",,,,,,
biosamples_swab_dna_nl_sites,biosamples,,text,"Bacterial DNA from skin swab (non-lesional): number of sites per individual",,,integer,0,100,,"[biosamples_type(9)] = '1'",,,,,,
biosamples_swab_dna_timepoints,biosamples,,text,"Time points per individual",,,integer,0,10000,,"[biosamples_type(9)] = '1'",,,,,,
biosamples_stool_ad,biosamples,"Stool samples",text,"Number of atopic dermatitis patients",,,integer,0,10000,,"[biosamples_type(10)] = '1'",,,,,,
biosamples_stool_pso,biosamples,,text,"Number of psoriasis patients",,,integer,0,10000,,"[biosamples_type(10)] = '1'",,,,,,
biosamples_stool_healthy,biosamples,,text,"Number of healthy control individuals",,,integer,0,10000,,"[biosamples_type(10)] = '1'",,,,,,
biosamples_stool_timepoints,biosamples,,text,"Time points per individual",,,integer,0,10000,,"[biosamples_type(10)] = '1'",,,,,,
biosamples_stool_dna_ad,biosamples,"Bacterial DNA from stool samples",text,"Number of atopic dermatitis patients",,,integer,0,10000,,"[biosamples_type(11)] = '1'",,,,,,
biosamples_stool_dna_pso,biosamples,,text,"Number of psoriasis patients",,,integer,0,10000,,"[biosamples_type(11)] = '1'",,,,,,
biosamples_stool_dna_healthy,biosamples,,text,"Number of healthy control individuals",,,integer,0,10000,,"[biosamples_type(11)] = '1'",,,,,,
biosamples_stool_dna_timepoints,biosamples,,text,"Time points per individual",,,integer,0,10000,,"[biosamples_type(11)] = '1'",,,,,,
biosamples_ffpe_l_ad,biosamples,"Formalin fixed paraffin embedded (FFPE) skin tissue",text,"FFPE (lesional): number of atopic dermatitis patients",,,integer,0,10000,,"[biosamples_type(12)] = '1'",,,,,,
biosamples_ffpe_nl_ad,biosamples,,text,"FFPE (non-lesional): number of atopic dermatitis patients",,,integer,0,10000,,"[biosamples_type(12)] = '1'",,,,,,
biosamples_ffpe_l_pso,biosamples,,text,"FFPE (lesional): number of psoriasis patients",,,integer,0,10000,,"[biosamples_type(12)] = '1'",,,,,,
biosamples_ffpe_nl_pso,biosamples,,text,"FFPE (non-lesional): number of psoriasis patients",,,integer,0,10000,,"[biosamples_type(12)] = '1'",,,,,,
biosamples_ffpe_healthy,biosamples,,text,"FFPE: number of healthy control individuals",,,integer,0,10000,,"[biosamples_type(12)] = '1'",,,,,,
biosamples_ffpe_timepoints,biosamples,,text,"Time points per individual",,,integer,0,10000,,"[biosamples_type(12)] = '1'",,,,,,
biosamples_serum_ad,biosamples,"Serum samples",text,"Number of atopic dermatitis patients",,,integer,0,10000,,"[biosamples_type(13)] = '1'",,,,,,
biosamples_serum_pso,biosamples,,text,"Number of psoriasis patients",,,integer,0,10000,,"[biosamples_type(13)] = '1'",,,,,,
biosamples_serum_healthy,biosamples,,text,"Number of healthy control individuals",,,integer,0,10000,,"[biosamples_type(13)] = '1'",,,,,,
biosamples_serum_timepoints,biosamples,,text,"Time points per individual",,,integer,0,10000,,"[biosamples_type(13)] = '1'",,,,,,
biosamples_pbmc_ad,biosamples,"PBMC samples",text,"Number of atopic dermatitis patients",,,integer,0,10000,,"[biosamples_type(14)] = '1'",,,,,,
biosamples_pbmc_pso,biosamples,,text,"Number of psoriasis patients",,,integer,0,10000,,"[biosamples_type(14)] = '1'",,,,,,
biosamples_pbmc_healthy,biosamples,,text,"Number of healthy control individuals",,,integer,0,10000,,"[biosamples_type(14)] = '1'",,,,,,
biosamples_pbmc_timepoints,biosamples,,text,"Time points per individual",,,integer,0,10000,,"[biosamples_type(14)] = '1'",,,,,,
biosamples_tape_measured,biosamples,"Tape strips",checkbox,"What has been measured
","1, Cytokines from tape strips|2, Extracted protein sample from tape strips|3, Lipids from tape strips|4, NMF from tape strips",,,,,,"[biosamples_type(15)] = '1'",,,,,,
biosamples_tape_l_ad,biosamples,,text,"Tape strips (lesional): number of atopic dermatitis patients",,,integer,0,10000,,"[biosamples_type(15)] = '1'",,,,,,
biosamples_tape_nl_ad,biosamples,,text,"Tape strips (non-lesional): number of atopic dermatitis patients",,,integer,0,10000,,"[biosamples_type(15)] = '1'",,,,,,
biosamples_tape_l_pso,biosamples,,text,"Tape strips (lesional): number of psoriasis patients",,,integer,0,10000,,"[biosamples_type(15)] = '1'",,,,,,
biosamples_tape_nl_pso,biosamples,,text,"Tape strips (non-lesional): number of psoriasis patients",,,integer,0,10000,,"[biosamples_type(15)] = '1'",,,,,,
biosamples_tape_healthy,biosamples,,text,"Tape strips: number of healthy control individuals",,,integer,0,10000,,"[biosamples_type(15)] = '1'",,,,,,
biosamples_tape_timepoints,biosamples,,text,"Time points per individual",,,integer,0,10000,,"[biosamples_type(15)] = '1'",,,,,,
