﻿"Variable / Field Name","Form Name","Section Header","Field Type","Field Label","Choices, Calculations, OR Slider Labels","Field Note","Text Validation Type OR Show Slider Number","Text Validation Min","Text Validation Max",Identifier?,"Branching Logic (Show field only if...)","Required Field?","Custom Alignment","Question Number (surveys only)","Matrix Group Name","Matrix Ranking?","Field Annotation"
data_identifier_lft,data_management,,text,"Data identifier (LFT)  ",,,,,,,,,,,,,
data_storage_location,data_management,,dropdown,"Data storage location ","1, LFT | 2, AsperaWeb | 3, OwnCloud",,,,,,,,,,,,
data_status_dm,data_management,,radio,"Data status","1, No update | 3, Upload expected | 4, Available in Biomap Data Platform | 5, Available in Biomap Data Platform | 6, Available in Biomap Data Platform | 7, Available in Biomap Data Platform | 8, Hosted externally",,,,,,,y,,,,,
data_availability_dm,data_management,,checkbox,"Data availability ","1, Raw data available | 2, Harmonised clinical data available | 3, Data available in tranSMART | 4, Data available in ADA | 5, Available in external link | 8, Processed omics data available",,,,,,,y,,,,," @DEFAULT=0"
data_type_available,data_management,,checkbox,"Datatype available (Ontology: EDAM)","1, Preclinical and clinical studies | 2, Genomics | 3, Methylation analysis | 5, Transcriptomics | 6, Microbiome | 7, Proteomics | 8, miRNA expression analysis",,,,,,,,,,,,
data_manage_mol_preprocessed,data_management,,yesno,"Molecular data preprocessing",,,,,,,,,,,,,
dm_clinical,data_management,"Available data status ( Ⓤ =  Uploaded, Ⓗ = Harmonised, Ⓟ =  Processed)",checkbox,Clinical,"1, U | 2, H | 3, P",,,,,,,,,,dm_avail_data_status,,
dm_genome,data_management,,checkbox,Genome,"1, U | 2, H | 3, P",,,,,,,,,,dm_avail_data_status,,
dm_mythylo,data_management,,checkbox,Methylome,"1, U | 2, H | 3, P",,,,,,,,,,dm_avail_data_status,,
dm_microb,data_management,,checkbox,Microbiome,"1, U | 2, H | 3, P",,,,,,,,,,dm_avail_data_status,,
dm_proteo,data_management,,checkbox,Proteome,"1, U | 2, H | 3, P",,,,,,,,,,dm_avail_data_status,,
dm_transcr,data_management,,checkbox,Transcriptome,"1, U | 2, H | 3, P",,,,,,,,,,dm_avail_data_status,,
data_manage_mol_pre_method,data_management,,notes,"Molecular data preprocessing method",,,,,,,"[data_manage_mol_preprocessed] = '1'",,,,,,
data_access_special_terms,data_management,,notes,"<p>Special terms of data access</p>",,"Provided in DISH",,,,,,,,,,," @RICHTEXT"
data_access_dish,data_management,,text,"DISH / Appendix B link ",,,,,,,,,,,,,
external_link,data_management,,text,"External Link",,,,,,,"[data_availability_dm(5)] = '1'",y,,,,,
