﻿"Variable / Field Name","Form Name","Section Header","Field Type","Field Label","Choices, Calculations, OR Slider Labels","Field Note","Text Validation Type OR Show Slider Number","Text Validation Min","Text Validation Max",Identifier?,"Branching Logic (Show field only if...)","Required Field?","Custom Alignment","Question Number (surveys only)","Matrix Group Name","Matrix Ranking?","Field Annotation"
cohort_comm_comment,data_interface,,notes,Comment,,,,,,,,,,,,,
eurice_data_upload_clinical,data_interface,,dropdown,"Data upload (Clinical data)","1, 🟢 Completed | 2, 🔵 In progress | 3, 🟡 Preparing | 4, ⚪ Not started | 5, 🔴 Problem | 6, NA",,,,,,,,,,,,
eurice_data_upload_omics,data_interface,,dropdown,"Data upload (Molecular data)","1, 🟢 Completed | 2, 🔵 In progress | 3, 🟡 Preparing | 4, ⚪ Not started | 5, 🔴 Problem | 6, NA",,,,,,,,,,,,
eurice_data_upload_harm,data_interface,,dropdown,"Data harmonisation (Clinical data)","1, 🟢 Completed | 2, 🔵 In progress | 4, ⚪ Not started | 5, 🔴 Problem | 6, NA",,,,,,,,,,,,
eurice_data_access_rest,data_interface,,dropdown,Restrictions,"1, 🟢 CD (Centralised-Direct) | 2, 🔵 CA (Centralised-Additional approval) | 3, 🟣 EP (External-via Partner) | 4, 🟡 ET (External-via Tools)",,,,,,,,,,,,
eurice_restr,data_interface,,calc,"Restrictions (Assessed)
1 = Full access
0 = Limited access ","if (([dur_clinical] = 4 || [dur_clinical] = 5 || [dur_genomics] = 4 || [dur_genomics] = 5 || [dur_methylation] = 4 || [dur_methylation] = 5|| [dur_microbiome] = 4 || [dur_microbiome] = 5|| [dur_transcriptomics] = 4 || [dur_transcriptomics] = 5), 0, 1)",,,,,,,,,,,,
eurice_subject_number,data_interface,,calc,"Total subject number","[total_ad_patients] + [total_pso_patients] + [total_healthy_controls]",,,,,,,,,,,,
eurice_int_status,data_interface,,text,"Data integration status",,,,,,,,,,,,," @CALCTEXT(if([eurice_data_upload_clinical] < 4 || [eurice_data_upload_omics] < 4,'Active','Inactive'))"
data_catalog_url,data_interface,,text,"Catalog URL",,,,,,,,,,,,," @DEFAULT='https://biomap-cohort-catalog.uni.lu/e/cohort/'"
