"Variable / Field Name","Form Name","Section Header","Field Type","Field Label","Choices, Calculations, OR Slider Labels","Field Note","Text Validation Type OR Show Slider Number","Text Validation Min","Text Validation Max",Identifier?,"Branching Logic (Show field only if...)","Required Field?","Custom Alignment","Question Number (surveys only)","Matrix Group Name","Matrix Ranking?","Field Annotation"
record_id,request_for_biomapul_ldap_account,,text,"Record ID",,,,,,,,,,,,," @SURVEY-AUTH(username=name, email=email)"
institution_code,request_for_biomapul_ldap_account,,dropdown,"Institution code","31, AIT | 32, AMC | 33, BI | 34, CAU | 35, CHUV | 36, COPSAC | 37, EURICE | 38, HS | 39, ITTM | 40, KCL | 41, KI | 42, LEO | 43, LSHTM | 44, LUMC | 70, NOVARTIS | 45, PFIZER | 46, RUMC | 47, SANOFI | 48, TCD | 49, TUM | 50, UCB | 51, UCPH | 52, UDUS | 53, UEF | 54, UKE | 55, UL | 56, UNIVBRIS | 57, UNIVDUN | 58, UNIVIE | 59, UTA | 60, UTARTU | 61, Almirall",,autocomplete,,,,,y,,,,,
email,request_for_biomapul_ldap_account,,text,Email,,,email,,,,,y,,,,,
name,request_for_biomapul_ldap_account,,text,Name,,,,,,y,,y,,,,,
name_of_pi,request_for_biomapul_ldap_account,,text,"Name of PI (If applicable)",,,,,,,,,,,,,
cohortname,request_for_biomapul_ldap_account,,text,"Cohort name",,,,,,,,y,,,,,
public_data,request_for_biomapul_ldap_account,,yesno,"Is this a public data?",,,,,,,,y,,,,,
covered_under_mou,request_for_biomapul_ldap_account,,yesno,"This data is covered under BIOMAP MoU agreement",,,,,,,,y,,,,,
legalpaper,request_for_biomapul_ldap_account,,checkbox,"Are all the required legal procedures and agreements done?","1, Yes",,,,,,,y,,,,,
data_upload_dpis,request_for_biomapul_ldap_account,,file,"<div class=""rich-text-field-label""><p>Upload filled Data Protection Information Sheet in XLSX format (<a href=""https://git-r3lab.uni.lu/transmed/support/DISH/-/raw/1f98978bdcb8f1e1a66339f686917af6048b11cb/UL_Extended_Data_Information_Sheet-8.xlsx"" target=""_blank"" rel=""noopener"">Download template</a>)</p></div>",,"Upload XLSX format only",,,,,,y,,,,,
data_upload_dpis_pdf,request_for_biomapul_ldap_account,,file,"<div class=""rich-text-field-label""><p>Upload filled and signed Data Protection Information Sheet in PDF format</p></div>",,"Upload PDF format only",,,,,,y,,,,,
data_formatted,request_for_biomapul_ldap_account,,checkbox,"<div class=""rich-text-field-label""><p>Data is formatted according to the <a href=""https://imi-biomap.pages.uni.lu/biomap-portal/data-upload-guide/"" target=""_blank"" rel=""noopener"">data</a> and <a href=""https://imi-biomap.pages.uni.lu/biomap-portal/metadata-upload-guide/"" target=""_blank"" rel=""noopener"">metadata</a> formatting guide-lines <br /><br /></p></div>","1, Yes",,,,,,,y,,,,,
data_biomap_id_used,request_for_biomapul_ldap_account,,checkbox,"<div class=""rich-text-field-label""><p>BIOMAP Identifiers are used according to the <a href=""https://imi-biomap.pages.uni.lu/biomap-portal/biomap-ids/"" target=""_blank"" rel=""noopener"">BIOMAP ID</a> guidelines</p></div>","1, Yes",,,,,,,y,,,,,
data_desc,request_for_biomapul_ldap_account,,notes,"Short description of data to be uploaded",,,,,,,,,,,,,
size_of_data,request_for_biomapul_ldap_account,,dropdown,"Approximate size of data to be uploaded","1, Less than 10GB | 2, 10GB-100GB | 3, 100GB-500GB | 4, 500GB-1TB | 5, More than TB",,,,,,,,,,,,
data_not_robot,request_for_biomapul_ldap_account,,file,"Please sign to prove you are not a robot",,,signature,,,,,y,,,,,
