﻿"Variable / Field Name","Form Name","Section Header","Field Type","Field Label","Choices, Calculations, OR Slider Labels","Field Note","Text Validation Type OR Show Slider Number","Text Validation Min","Text Validation Max",Identifier?,"Branching Logic (Show field only if...)","Required Field?","Custom Alignment","Question Number (surveys only)","Matrix Group Name","Matrix Ranking?","Field Annotation"
methyl_source,dna_methylation,,checkbox,"Source of DNA methylation data","1, Blood|2, Skin biopsy (lesional or non-lesional)",,,,,,,,,,,,
methyl_method,dna_methylation,,checkbox,"Method used for DNA methylation data generation","1, Microarray (array-based) | 2, Bisulfite sequencing (BS-seq) | 3, MeDIP-seq | 4, MDB-seq",,,,,,,,,,,," @HIDDEN"
methyl_bisulfite_conversion,dna_methylation,,text,"Bisulfite conversion",,"e.g. NEB EpiMark Bisulfite Conversion Kit; Zymo Research EZ DNA Methylation-Direct Kit",,,,,,,,,,," @HIDDEN"
methyl_data_availabilty,dna_methylation,,checkbox,"DNA methylation data availability","0, Level 0 (raw data) | 1, Level 1 (preprocessed data, anonymised) | 2, Level 2 (analysed, aggregated)",,,,,,,,,,,,
methyl_microarray,dna_methylation,,checkbox,"Microarray type","1, Affymetrix | 2, Illumina | 3, Agilent | 4, Other",,,,,,,,,,,," @HIDDEN"
methyl_microarray_other,dna_methylation,,text,"Other, please describe",,,,,,,"[methyl_microarray(4)] = '1'",,,,,," @HIDDEN"
methyl_microarray_model,dna_methylation,,text,"Exact model name",,"e.g. Illumina Infinium HumanMethylation27 BeadChip; Illumina Infinium MethylationEPIC BeadChip; Agilent SurePrint Human DNA Methylation Microarray, 1×244K (HD)",,,,,,,,,,," @HIDDEN"
methyl_rnaseq,dna_methylation,,checkbox,"NGS type","1, Illumina HiSeq | 2, Illumina MiSeq | 3, Illumina NextSeq | 4, Illumina Genome Analyzer | 5, Life Technologies Ion Proton | 6, Life Technologies SOLiD | 7, Thermo Fisher Ion Torrent | 8, Roche 454 | 9, Other",,,,,,,,,,,," @HIDDEN"
methyl_seq_other,dna_methylation,,text,"Other, please describe",,,,,,,"[methyl_rnaseq(9)] = '1'",,,,,," @HIDDEN"
methyl_seq_library_type,dna_methylation,,checkbox,"Library type","1, WGBS | 2, RRBS | 3, MeDIP | 4, MBD-Seq",,,,,,,,,,,," @HIDDEN"
methyl_seq_library_kit,dna_methylation,,text,"Library kit",,"e.g. TruSeq Methyl Capture EPIC Library Prep Kit",,,,,,,,,,," @HIDDEN"
methyl_seq_read_type,dna_methylation,,checkbox,"Read type","1, Single-end | 2, Paired-end",,,,,,,,,,,," @HIDDEN"
methyl_seq_strand,dna_methylation,,checkbox,Strand,"1, Unstranded | 2, First strand (for strand ""+"") | 3, Second strand (for strand ""-"")",,,,,,,,,,,," @HIDDEN"
methyl_seq_length,dna_methylation,,text,"Read length",,"in base pairs (bp)",integer,0,1000,,,,,,,," @HIDDEN"
methyl_seq_length_range,dna_methylation,,text,"Read length range",,"If for the same cohort reads of different lengths have been sequenced, the user should report the range of the read lengths (i.e. 35-150).",,,,,,,,,,," @HIDDEN"
methyl_blood_method,dna_methylation,"DNA methylation data from blood",checkbox,"Blood: method used for DNA methylation data generation - DISCONTINUED","1, Array based (AR)|2, Bisulfit sequencing (BS)",,,,,,"[methyl_source(1)] = '1'",,RH,,,," @HIDDEN"
methyl_blood_ad,dna_methylation,,text,"Blood: number of atopic dermatitis patients",,,integer,0,10000,,"[methyl_source(1)] = '1'",,,,,,
methyl_blood_pso,dna_methylation,,text,"Blood: number of psoriasis patients",,,integer,0,10000,,"[methyl_source(1)] = '1'",,,,,,
methyl_blood_healthy,dna_methylation,,text,"Blood: number of healthy control individuals",,,integer,0,10000,,"[methyl_source(1)] = '1'",,,,,,
methyl_blood_timepoints,dna_methylation,,text,"Blood: time points per individual",,,integer,0,50,,"[methyl_source(1)] = '1'",,,,,,
methyl_blood_sum,dna_methylation,,calc,"Blood: total number of samples, DNA methylation","if([methyl_blood_ad]=""NaN"",0,[methyl_blood_ad])+
if([methyl_blood_pso]=""NaN"",0,[methyl_blood_pso])+
if([methyl_blood_healthy]=""NaN"",0,[methyl_blood_healthy])",,,,,,,,,,,,
methyl_blood_sum_2,dna_methylation,,calc,"Blood: total number of samples * timepoints, DNA methylation","(if([methyl_blood_ad]=""NaN"",0,[methyl_blood_ad])+ if([methyl_blood_pso]=""NaN"",0,[methyl_blood_pso])+ if([methyl_blood_healthy]=""NaN"",0,[methyl_blood_healthy]))*[methyl_blood_timepoints]",,,,,,,,,,,,
methyl_biopsy_method,dna_methylation,"DNA methylation data from skin biopsies",checkbox,"Skin biopsy: method used DNA methylation data generation - DISCONTINUED","1, Array based (AR)|2, Bisulfit sequencing (BS)",,,,,,"[methyl_source(2)] = '1'",,RH,,,," @HIDDEN"
methyl_biopsy_l_ad,dna_methylation,,text,"Skin biopsy (lesional): number of atopic dermatitis patients",,,integer,0,10000,,"[methyl_source(2)] = '1'",,,,,,
methyl_biopsy_nl_ad,dna_methylation,,text,"Skin biopsy (non-lesional): number of atopic dermatitis patients",,,integer,0,10000,,"[methyl_source(2)] = '1'",,,,,,
methyl_biopsy_l_pso,dna_methylation,,text,"Skin biopsy (lesional): number of psoriasis patients",,,integer,0,10000,,"[methyl_source(2)] = '1'",,,,,,
methyl_biopsy_nl_pso,dna_methylation,,text,"Skin biopsy (non-lesional): number of psoriasis patients",,,integer,0,10000,,"[methyl_source(2)] = '1'",,,,,,
methyl_biopsy_healthy,dna_methylation,,text,"Skin biopsy: number of healthy control individuals",,,integer,0,10000,,"[methyl_source(2)] = '1'",,,,,,
methyl_biopsy_timepoints,dna_methylation,,text,"Skin biopsy: time points per individual",,,integer,0,100,,"[methyl_source(2)] = '1'",,,,,,
methyl_biopsy_sum,dna_methylation,,calc,"Skin biopsy: total number of samples, DNA methylation","if([methyl_biopsy_l_ad]=""NaN"",0,[methyl_biopsy_l_ad])+
if([methyl_biopsy_nl_ad]=""NaN"",0,[methyl_biopsy_nl_ad])+
if([methyl_biopsy_l_pso]=""NaN"",0,[methyl_biopsy_l_pso])+
if([methyl_biopsy_nl_pso]=""NaN"",0,[methyl_biopsy_nl_pso])+
if([methyl_biopsy_healthy]=""NaN"",0,[methyl_biopsy_healthy])",,,,,,,,,,,,
methyl_biopsy_sum_2,dna_methylation,,calc,"Skin biopsy: total number of samples * timepoints, DNA methylation","(if([methyl_biopsy_l_ad]=""NaN"",0,[methyl_biopsy_l_ad])+ if([methyl_biopsy_nl_ad]=""NaN"",0,[methyl_biopsy_nl_ad])+ if([methyl_biopsy_l_pso]=""NaN"",0,[methyl_biopsy_l_pso])+ if([methyl_biopsy_nl_pso]=""NaN"",0,[methyl_biopsy_nl_pso])+ if([methyl_biopsy_healthy]=""NaN"",0,[methyl_biopsy_healthy]))*[methyl_biopsy_timepoints]",,,,,,,,,,,,
