"Variable / Field Name","Form Name","Section Header","Field Type","Field Label","Choices, Calculations, OR Slider Labels","Field Note","Text Validation Type OR Show Slider Number","Text Validation Min","Text Validation Max",Identifier?,"Branching Logic (Show field only if...)","Required Field?","Custom Alignment","Question Number (surveys only)","Matrix Group Name","Matrix Ranking?","Field Annotation"
total_ad_patients,total_subject_numbers,,text,"Total number of atopic dermatitis (AD) patients",,,integer,0,15000,,,,,,,,
total_ad_patients_naive,total_subject_numbers,,text,"Total number of <u>treatment naive</u> atopic dermatitis patients",,,integer,0,15000,,"[total_ad_patients] > 0",,,,,,
total_pso_patients,total_subject_numbers,,text,"Total number of psoriasis patients",,,integer,0,15000,,,,,,,,
total_pso_patients_naive,total_subject_numbers,,text,"Total number of <u>treatment naive</u> psoriasis patients",,,integer,0,15000,,"[total_pso_patients] > 0",,,,,,
total_healthy_controls,total_subject_numbers,,text,"Total number of healthy control individuals",,,integer,0,15000,,,,,,,,
